ID,Canal,Clase_real,Archivo,Forma_de_incrustacion,Resultado_esperado,Resultado_obtenido,Detalle_modelo,Veredicto
V01,Imagen,INFRACTOR,V01.jpg,Placa promocional superior a todo el ancho,Bloquear,,,
V02,Imagen,INFRACTOR,V02.jpg,Etiqueta adhesiva circular con el monto,Bloquear,,,
V03,Imagen,INFRACTOR,V03.jpg,Marca de agua diagonal semitransparente,Bloquear,,,
V04,Imagen,INFRACTOR,V04.jpg,Precio pequeño en la esquina inferior,Bloquear,,,
V05,Imagen,INFRACTOR,V05.jpg,Precio periférico rotado sobre el borde,Bloquear,,,
V06,Imagen,INFRACTOR,V06.jpg,Cinta inferior de descuento porcentual,Bloquear,,,
V07,Imagen,INFRACTOR,V07.jpg,Lista de tarifas en recuadro,Bloquear,,,
V08,Imagen,INFRACTOR,V08.jpg,Texto en tipografia de estilo caligrafico sobre la foto,Bloquear,,,
V09,Imagen,INFRACTOR,V09.jpg,"Monto sin símbolo de moneda, con la palabra",Bloquear,,,
V10,Imagen,INFRACTOR,V10.jpg,Envío gratis combinado con el monto,Bloquear,,,
V11,Imagen,LIMPIO,V11.jpg,Foto de producto sin ninguna sobreimpresión,Publicar,,,
V12,Imagen,LIMPIO,V12.jpg,Factor de protección solar (número técnico),Publicar,,,
V13,Imagen,LIMPIO,V13.jpg,Volumen del envase en mililitros,Publicar,,,
V14,Imagen,LIMPIO,V14.jpg,Duración del efecto expresada en horas,Publicar,,,
V15,Imagen,LIMPIO,V15.jpg,Porcentaje de concentración de un activo,Publicar,,,
V16,Imagen,LIMPIO,V16.jpg,Año como número de cuatro cifras,Publicar,,,
V17,Imagen,LIMPIO,V17.jpg,Numeración de pasos de una rutina,Publicar,,,
V18,Imagen,LIMPIO,V18.jpg,Separador de miles que no es un precio,Publicar,,,
V19,Imagen,LIMPIO,V19.jpg,Porcentaje que no es un descuento,Publicar,,,
V20,Imagen,LIMPIO,V20.jpg,Nombre de línea con cifra romana,Publicar,,,
V21,Imagen,INFRACTOR,V21.jpg,Cifra parcialmente ocluida por una calcomania decorativa,Bloquear,,,
V22,Imagen,INFRACTOR,V22.jpg,Precio de muy bajo contraste sobre fondo texturado,Bloquear,,,
V23,Imagen,INFRACTOR,V23.jpg,Precio en cuerpo diminuto (2% de la altura) sobre el margen,Bloquear,,,
V24,Imagen,INFRACTOR,V24.jpg,"Monto escrito en palabras, sin ningun digito",Bloquear,,,
V25,Imagen,INFRACTOR,V25.jpg,"Codigo de moneda (ARS) en lugar del simbolo, en tipografia decorativa",Bloquear,,,
V26,Imagen,LIMPIO,V26.jpg,"Etiqueta de gondola sin monto: la forma de un precio, sin precio",Publicar,,,
V27,Imagen,LIMPIO,V27.jpg,"Numero aislado grande, sin unidad ni simbolo de moneda",Publicar,,,
V28,Imagen,LIMPIO,V28.jpg,Cinta inferior (formato del descuento) ocupada por un anio,Publicar,,,
R01,Imagen,INFRACTOR,R01.jpg,PIEZA REAL no compuesta: 10% de descuento y PVP $52.470 impresos en la pieza,Bloquear,,,
