ID,Canal,Clase_real,Archivo,Forma_de_incrustacion,Resultado_esperado,Resultado_obtenido,Detalle_modelo,Veredicto,Respuesta_cruda,JSON_valido
V01,Imagen,INFRACTOR,V01.jpg,Placa promocional superior a todo el ancho,Bloquear,Bloqueo,Se detectó el texto promocional '¡OFERTA!' y el precio '$1990' en el banner rojo superior de la imagen.,VP,"{""tiene_precio"": true, ""detalle"": ""Se detectó el texto promocional '¡OFERTA!' y el precio '$1990' en el banner rojo superior de la imagen.""}",si
V02,Imagen,INFRACTOR,V02.jpg,Etiqueta adhesiva circular con el monto,Bloquear,Bloqueo,Se detectó un precio '$2500' dentro de un círculo rojo en la esquina superior derecha de la imagen.,VP,"{""tiene_precio"": true, ""detalle"": ""Se detectó un precio '$2500' dentro de un círculo rojo en la esquina superior derecha de la imagen.""}",si
V03,Imagen,INFRACTOR,V03.jpg,Marca de agua diagonal semitransparente,Bloquear,Bloqueo,Se detecta el texto promocional 'PROMO 2x1' superpuesto de forma semitransparente sobre la imagen del producto.,VP,"{""tiene_precio"": true, ""detalle"": ""Se detecta el texto promocional 'PROMO 2x1' superpuesto de forma semitransparente sobre la imagen del producto.""}",si
V04,Imagen,INFRACTOR,V04.jpg,Precio pequeño en la esquina inferior,Bloquear,Bloqueo,Se detectó un precio '$3.200' en la esquina inferior derecha de la imagen.,VP,"{""tiene_precio"": true, ""detalle"": ""Se detectó un precio '$3.200' en la esquina inferior derecha de la imagen.""}",si
V05,Imagen,INFRACTOR,V05.jpg,Precio periférico rotado sobre el borde,Bloquear,Bloqueo,"Se detectó el texto 'Precio: $4.100 - consultam' en el lateral izquierdo de la imagen, que incluye un monto y símbolo de moneda.",VP,"{""tiene_precio"": true, ""detalle"": ""Se detectó el texto 'Precio: $4.100 - consultam' en el lateral izquierdo de la imagen, que incluye un monto y símbolo de moneda.""}",si
V06,Imagen,INFRACTOR,V06.jpg,Cinta inferior de descuento porcentual,Bloquear,Bloqueo,Se detectó el texto promocional '30% OFF' en una barra rosada en la parte inferior de la imagen.,VP,"{""tiene_precio"": true, ""detalle"": ""Se detectó el texto promocional '30% OFF' en una barra rosada en la parte inferior de la imagen.""}",si
V07,Imagen,INFRACTOR,V07.jpg,Lista de tarifas en recuadro,Bloquear,Bloqueo,"Se detectaron montos de precio ($14.800, $19.800, $23.500) y el símbolo de moneda '$' dentro de un recuadro de texto que lista productos y sus respectivos valores.",VP,"{""tiene_precio"": true, ""detalle"": ""Se detectaron montos de precio ($14.800, $19.800, $23.500) y el símbolo de moneda '$' dentro de un recuadro de texto que lista productos y sus respectivos valores.""}",si
V08,Imagen,INFRACTOR,V08.jpg,Texto en tipografia de estilo caligrafico sobre la foto,Bloquear,Bloqueo,"Se detectó el precio '2 x $5000' escrito a mano en la parte inferior izquierda de la imagen, incluyendo un monto y un símbolo de moneda.",VP,"{""tiene_precio"": true, ""detalle"": ""Se detectó el precio '2 x $5000' escrito a mano en la parte inferior izquierda de la imagen, incluyendo un monto y un símbolo de moneda.""}",si
V09,Imagen,INFRACTOR,V09.jpg,"Monto sin símbolo de moneda, con la palabra",Bloquear,Bloqueo,Se detectó el precio '4500 pesos' en el banner rojo en la parte superior de la imagen.,VP,"{""tiene_precio"": true, ""detalle"": ""Se detectó el precio '4500 pesos' en el banner rojo en la parte superior de la imagen.""}",si
V10,Imagen,INFRACTOR,V10.jpg,Envío gratis combinado con el monto,Bloquear,Bloqueo,Se detectó el texto promocional 'ENVÍO GRATIS' y el precio '$1.890' en el banner inferior de la imagen.,VP,"{""tiene_precio"": true, ""detalle"": ""Se detectó el texto promocional 'ENVÍO GRATIS' y el precio '$1.890' en el banner inferior de la imagen.""}",si
V11,Imagen,LIMPIO,V11.jpg,Foto de producto sin ninguna sobreimpresión,Publicar,Publico,,VN,"{""tiene_precio"": false, ""detalle"": """"}",si
V12,Imagen,LIMPIO,V12.jpg,Factor de protección solar (número técnico),Publicar,Publico,,VN,"{""tiene_precio"": false, ""detalle"": """"}",si
V13,Imagen,LIMPIO,V13.jpg,Volumen del envase en mililitros,Publicar,Publico,,VN,"{""tiene_precio"": false, ""detalle"": """"}",si
V14,Imagen,LIMPIO,V14.jpg,Duración del efecto expresada en horas,Publicar,Publico,,VN,"{""tiene_precio"": false, ""detalle"": """"}",si
V15,Imagen,LIMPIO,V15.jpg,Porcentaje de concentración de un activo,Publicar,Publico,,VN,"{""tiene_precio"": false, ""detalle"": """"}",si
V16,Imagen,LIMPIO,V16.jpg,Año como número de cuatro cifras,Publicar,Publico,,VN,"{""tiene_precio"": false, ""detalle"": """"}",si
V17,Imagen,LIMPIO,V17.jpg,Numeración de pasos de una rutina,Publicar,Publico,,VN,"{""tiene_precio"": false, ""detalle"": """"}",si
V18,Imagen,LIMPIO,V18.jpg,Separador de miles que no es un precio,Publicar,Publico,,VN,"{""tiene_precio"": false, ""detalle"": """"}",si
V19,Imagen,LIMPIO,V19.jpg,Porcentaje que no es un descuento,Publicar,Publico,,VN,"{""tiene_precio"": false, ""detalle"": """"}",si
V20,Imagen,LIMPIO,V20.jpg,Nombre de línea con cifra romana,Publicar,Publico,,VN,"{""tiene_precio"": false, ""detalle"": """"}",si
V21,Imagen,INFRACTOR,V21.jpg,Cifra parcialmente ocluida por una calcomania decorativa,Bloquear,Bloqueo,Se detecta un precio incrustado en la imagen: '$12♥00' con el símbolo de moneda '$' y una cifra.,VP,"{""tiene_precio"": true, ""detalle"": ""Se detecta un precio incrustado en la imagen: '$12♥00' con el símbolo de moneda '$' y una cifra.""}",si
V22,Imagen,INFRACTOR,V22.jpg,Precio de muy bajo contraste sobre fondo texturado,Bloquear,Bloqueo,"Se detectó el precio '$8.750' incrustado en los píxeles, superpuesto sobre la imagen del postre/helado.",VP,"{""tiene_precio"": true, ""detalle"": ""Se detectó el precio '$8.750' incrustado en los píxeles, superpuesto sobre la imagen del postre/helado.""}",si
V23,Imagen,INFRACTOR,V23.jpg,Precio en cuerpo diminuto (2% de la altura) sobre el margen,Bloquear,Publico,,FN,"{""tiene_precio"": false, ""detalle"": """"}",si
V24,Imagen,INFRACTOR,V24.jpg,"Monto escrito en palabras, sin ningun digito",Bloquear,Bloqueo,"Se detectó el texto 'Treinta mil pesos' en la parte inferior de la imagen, indicando un monto de precio.",VP,"{""tiene_precio"": true, ""detalle"": ""Se detectó el texto 'Treinta mil pesos' en la parte inferior de la imagen, indicando un monto de precio.""}",si
V25,Imagen,INFRACTOR,V25.jpg,"Codigo de moneda (ARS) en lugar del simbolo, en tipografia decorativa",Bloquear,Bloqueo,"Se detectó el precio 'ARS 30.000' incrustado como texto sobre la imagen, en un recuadro rosado en la parte superior central.",VP,"{""tiene_precio"": true, ""detalle"": ""Se detectó el precio 'ARS 30.000' incrustado como texto sobre la imagen, en un recuadro rosado en la parte superior central.""}",si
V26,Imagen,LIMPIO,V26.jpg,"Etiqueta de gondola sin monto: la forma de un precio, sin precio",Publicar,Publico,,VN,"{""tiene_precio"": false, ""detalle"": """"}",si
V27,Imagen,LIMPIO,V27.jpg,"Numero aislado grande, sin unidad ni simbolo de moneda",Publicar,Bloqueo,"El número '30' está prominentemente incrustado sobre el helado, y al no tener un contexto descriptivo (como SPF, ml, horas), podría interpretarse como un monto de precio o un porcentaje de descuento.",FP,"{""tiene_precio"": true, ""detalle"": ""El número '30' está prominentemente incrustado sobre el helado, y al no tener un contexto descriptivo (como SPF, ml, horas), podría interpretarse como un monto de precio o un porcentaje de descuento.""}",si
V28,Imagen,LIMPIO,V28.jpg,Cinta inferior (formato del descuento) ocupada por un anio,Publicar,Publico,,VN,"{""tiene_precio"": false, ""detalle"": """"}",si
R01,Imagen,INFRACTOR,R01.jpg,PIEZA REAL no compuesta: 10% de descuento y PVP $52.470 impresos en la pieza,Bloquear,Bloqueo,"Se detectaron los siguientes elementos infractores: '10% de descuento' (promoción), 'OFERTA' (en 'PVP OFERTA SUGERIDO'), '$52.470' (precio de oferta) y '$58.300' (precio regular).",VP,"{""tiene_precio"": true, ""detalle"": ""Se detectaron los siguientes elementos infractores: '10% de descuento' (promoción), 'OFERTA' (en 'PVP OFERTA SUGERIDO'), '$52.470' (precio de oferta) y '$58.300' (precio regular).""}",si