Producto,Carpeta,Tipo,Aportada_por,Sistema,Tono,Texto,Etiqueta_AB,Usado_Estudio1,JSON_valido
Mary Kay Clinical Solutions Barrier Restore 1:1:3,Pub1,imagen,catálogo oficial de la marca,postly,Informativo,"Descubre el poder de Mary Kay Clinical Solutions Barrier Restore 1:1:3. Este innovador tratamiento está diseñado para fortalecer la barrera cutánea, reponiendo lípidos esenciales y restaurando la hidratación natural de tu piel. Su fórmula avanzada con una proporción 1:1:3 de escualano, lípidos y ácidos grasos ayuda a calmar la piel y a mejorar su resistencia frente a los agresores externos. Ideal para mantener la piel suave y flexible. ¿Cómo integras la restauración de barrera en tu rutina? ✨🔬💧 #MaryKayClinicalSolutions #CuidadoExperto #BarrierRestore #PielSaludable",A,si,si
Mary Kay Clinical Solutions Barrier Restore 1:1:3,Pub1,imagen,catálogo oficial de la marca,postly,Vendedor,"Eleva tu rutina de belleza con Mary Kay Clinical Solutions Barrier Restore 1:1:3 y siente la transformación. Imagina una piel que se siente renovada, protegida y con un brillo natural inigualable. Este elixir es tu aliado para una piel resistente y visiblemente saludable, un verdadero lujo para tu cuidado diario. Despierta cada mañana con una sensación de confort y vitalidad que solo un cuidado premium puede ofrecer. ¿Lista para darle a tu piel el tratamiento que merece? 💎🌟🛡️ #MaryKay #PielRadiante #LujoParaTuPiel #ResultadosVisibles",,no,si
Mary Kay Clinical Solutions Barrier Restore 1:1:3,Pub1,imagen,catálogo oficial de la marca,postly,Divertido,"¡Hola, piel cansada! 👋 ¿Necesitas un rescate? Te presento a tu nuevo mejor amigo: Mary Kay Clinical Solutions Barrier Restore 1:1:3. Es como un escudo invisible para tu piel, ayudándola a recuperarse de todo el estrés del día a día (¡sí, el lunes también cuenta! 😉). Prepárate para una piel más fuerte, más hidratada y ¡súper feliz! Porque tu piel merece sentirse consentida y protegida. ¿Cuál es tu truco para una piel feliz? 💖🛡️✨ #MaryKayLatam #PielFuerte #BeautyHacks #SkincareGoals #AmigaDeTuPiel",,no,si
Mary Kay Clinical Solutions Barrier Restore 1:1:3,Pub1,imagen,catálogo oficial de la marca,generico,,"¡Claro! Aquí tienes varias opciones de pies de foto para Instagram para la imagen del producto Mary Kay Clinical Solutions Barrier Restore 1:1:3, con diferentes enfoques para que elijas el que mejor se adapte a tu estilo:

---

**Opción 1: Enfoque en el beneficio principal y la ciencia**

¿Tu piel se siente sensible, seca o irritada? 😩 ¡Es hora de darle el cuidado que se merece!

Presentamos Mary Kay Clinical Solutions™ Barrier Restore 1:1:3, el aliado perfecto para fortalecer y restaurar tu barrera cutánea. Con una proporción científicamente probada de ceramidas, lípidos y ácidos grasos, este potente reparador ayuda a:

✨ Hidratar profundamente
🛡️ Proteger contra agresores externos
💖 Calmar y aliviar la piel
💪 Fortalecer su resistencia natural

¡Dale a tu piel la base saludable que necesita para lucir radiante y sentirse cómoda!

#MaryKay #ClinicalSolutions #BarrierRestore #CuidadoDeLaPiel #PielSaludable #BarreraCutanea #Skincare #PielSensible #HidratacionMaryKay

---

**Opción 2: Más directo y con un toque de pregunta/llamada a la acción**

¡Tu barrera cutánea es la primera línea de defensa de tu piel! 🛡️ Manténla fuerte y saludable con Mary Kay Clinical Solutions™ Barrier Restore 1:1:3.

Esta poderosa fórmula ayuda a restaurar y fortificar, dejando tu piel más resistente, hidratada y menos propensa a la sensibilidad. Ideal para todo tipo de piel, especialmente aquellas que necesitan un impulso de reparación.

¿Lista para una piel más fuerte y radiante? ✨ ¡Consíguelo hoy!

#MaryKayClinicalSolutions #BarrierRestore113 #CuidadoAvanzado #PielFuerte #SkincareRoutine #BeautyEssentials #MaryKayMexico (o tu país)

---

**Opción 3: Corto, dulce y evocador**

¡Adiós a la piel sensible y hola a la calma! 🌿

Mary Kay Clinical Solutions™ Barrier Restore 1:1:3 es tu secreto para una piel feliz, hidratada y protegida. Su fórmula experta trabaja para fortalecer la barrera de tu piel, devolviéndole su equilibrio y luminosidad natural.

Siente la diferencia. 💧💖

#MaryKay #ClinicalSolutions #PielCalmada #HidrataciónProfunda #SkincareGoals #BellezaMaryKay #HealthySkin

---

**Opción 4: Enfocado en la sensación y el alivio**

¿Sientes tu piel tirante o con poca elasticidad? ¡Tenemos la solución! 🌟

Mary Kay Clinical Solutions™ Barrier Restore 1:1:3 está aquí para mimar tu piel. Diseñado para ofrecer alivio inmediato y una reparación duradera, este producto ayuda a reconstruir la barrera protectora de tu piel, dejándola suave, flexible y llena de vida.

¡Transforma tu rutina y recupera la comodidad de tu piel!

#MaryKaySkincare #BarrierRepair #PielSuave #RutinaDeBelleza #InnovacionMaryKay #BienestarDeLaPiel #MaryKayBeauty

---

**Consejos adicionales para tu publicación:**

*   **Etiqueta:** Asegúrate de etiquetar la cuenta oficial de Mary Kay si la hay.
*   **Enlace en la biografía:** Si tienes un enlace de compra directo, menciónalo en el pie de foto (ej. ""Encuéntralo en el link de nuestra bio"").
*   **Historias:** Complementa tu publicación con historias mostrando el producto, su textura, o un ""antes y después"" si es posible.

¡Espero que esto te ayude a crear una publicación de Instagram exitosa!",B,si,si
Mary Kay TimeWise 4-in-1 Cleanser + Antioxidant Moisturizer,Pub2,imagen,catálogo oficial de la marca,postly,Informativo,"Descubre la ciencia detrás de una piel radiante con nuestro Dúo Esencial TimeWise® de Mary Kay. ✨ El Limpiador Facial 4 en 1 TimeWise® prepara tu piel, limpiando, exfoliando, tonificando y refrescándola en un solo paso, eliminando impurezas y residuos. Luego, la Hidratante Antioxidante TimeWise® repone la humedad esencial y protege tu piel con poderosos antioxidantes, ayudando a combatir los signos visibles del envejecimiento. Una rutina diseñada para mantener tu piel equilibrada y con un aspecto juvenil. ¿Cuál es tu paso favorito de esta rutina?
#MaryKay #TimeWise #CuidadoDeLaPiel #PielSana #RutinaFacial #BellezaConCiencia",,no,si
Mary Kay TimeWise 4-in-1 Cleanser + Antioxidant Moisturizer,Pub2,imagen,catálogo oficial de la marca,postly,Vendedor,"Transforma tu ritual diario en una experiencia de lujo con el poder de TimeWise® de Mary Kay. 💫 Empieza tu día sintiendo tu piel renovada y revitalizada con el Limpiador 4 en 1, el secreto para una base impecable. Después, envuelve tu rostro en la rica hidratación de nuestra Crema Antioxidante, para un brillo que irradia confianza y vitalidad. Este dúo es la clave para una piel que luce increíblemente joven, firme y llena de luz. Mereces una piel que te haga sentir imparable.
#MaryKayTimeWise #PielRadiante #LujoParaTuPiel #AntiEdad #SkincareGoals #BellezaMaryKay",B,si,si
Mary Kay TimeWise 4-in-1 Cleanser + Antioxidant Moisturizer,Pub2,imagen,catálogo oficial de la marca,postly,Divertido,"¡Hey, amante del skincare! 🙋‍♀️ ¿Lista para darle a tu piel ese ""efecto glow"" que tanto amamos? Con este dúo TimeWise® de Mary Kay, tu rutina será un sueño hecho realidad. Primero, el Limpiador 4 en 1 que es como magia para dejar tu piel súper limpia y fresca (¡adiós, maquillaje del día!). Y después, nuestra Hidratante Antioxidante que es como un abrazo de hidratación para tu carita. ¡Prepárate para sentir tu piel suave, lista para conquistar el día (o la noche)! 😉 ¿Quién más ama empezar el día con este toque?
#MaryKayArgentina #TimeWiseRoutine #PielFeliz #SkincareAmigas #GlowUp #BellezaDiaria",,no,si
Mary Kay TimeWise 4-in-1 Cleanser + Antioxidant Moisturizer,Pub2,imagen,catálogo oficial de la marca,generico,,"¡Claro! Aquí tienes varias opciones de pies de foto para Instagram para la imagen de los productos Mary Kay TimeWise, desde opciones más concisas hasta más descriptivas, para que elijas la que mejor se adapte a tu estilo:

---

**Opción 1: Enfocada en la rutina esencial y simplicidad**

¿Lista para transformar tu piel? ✨ Conoce el dúo dinámico que tu rutina de cuidado facial necesita:

💖 El **Limpiador 4 en 1 TimeWise de Mary Kay** que limpia, exfolia, refresca e ilumina en un solo paso.
💧 La **Crema Humectante Antioxidante TimeWise de Mary Kay** que hidrata profundamente y protege tu piel de los agresores ambientales.

¡El camino hacia una piel radiante, suave y saludable nunca fue tan fácil!

#MaryKay #TimeWise #CuidadoDeLaPiel #RutinaDeBelleza #PielRadiante #SkincareEssentials #LimpiadorFacial #HumectanteAntioxidante

---

**Opción 2: Más descriptiva y con enfoque en los beneficios antiedad**

¡Descubre el secreto para una piel atemporal! ⏳ Presentamos la combinación perfecta de Mary Kay TimeWise para combatir los signos del envejecimiento y mantener tu piel protegida y hermosa:

🌿 El **Limpiador Facial 4 en 1 TimeWise**: Una fórmula inteligente que limpia impurezas, exfolia suavemente, tonifica y aporta luminosidad. ¡Cuatro beneficios en uno para optimizar tu tiempo!
🛡️ La **Crema Humectante Antioxidante TimeWise**: Tu escudo diario contra los radicales libres, proporcionando hidratación intensa y fortaleciendo la barrera cutánea para una piel visiblemente más joven y resistente.

¿Lista para desafiar el tiempo?

#MaryKayTimeWise #Antienvejecimiento #SkincareRoutine #PielJoven #Belleza #Antioxidantes #RutinaAntiedad #CuidadoFacial #MaryKayLovers

---

**Opción 3: Corta y al grano**

Tu piel se merece lo mejor. ✨ Simplifica tu rutina con el Limpiador 4 en 1 y la Crema Humectante Antioxidante TimeWise de Mary Kay. ¡Limpieza y protección para una piel increíble!

#MaryKay #TimeWise #Skincare #CuidadoFacial #BellezaEsencial #PielSaludable

---

**Opción 4: Pregunta engaging**

¿Cuál es tu paso favorito en tu rutina de cuidado de la piel? 🤔 El nuestro, sin duda, es este dúo imbatible de Mary Kay TimeWise:

El Limpiador 4 en 1 y la Crema Humectante Antioxidante. Juntos, te ofrecen una piel limpia, protegida e hidratada, lista para enfrentar el día. ¡Atrévete a probarlos!

#MaryKayBeauty #TimeWiseRoutine #PreguntaDeBelleza #PielGlow #SkincareCommunity #ConsejosDeBelleza

---

**Consejos adicionales para tu post:**
*   Añade una etiqueta a la cuenta oficial de Mary Kay si es posible.
*   Si eres una consultora, puedes agregar tu propio llamado a la acción como ""¡Contáctame para tu asesoría personalizada!"" o ""Enlace en mi biografía para comprar"".
*   Considera agregar una ubicación si es relevante.",A,si,si
Mary Kay TimeWise Foundation Primer Sunscreen SPF 15,Pub3,imagen,catálogo oficial de la marca,postly,Informativo,"Descubre el secreto para una piel perfecta con nuestra prebase de maquillaje con protector solar SPF 15. 🔬 Esta fórmula innovadora prepara tu piel creando un lienzo suave y uniforme, ideal para que tu base se adhiera mejor y dure más tiempo. Además, te brinda una protección diaria esencial contra los rayos solares. Un paso inteligente para un cuidado completo y un look impecable. ✨ ¿Conocías la importancia de una buena prebase para tu rutina? 

#MaryKay #CuidadoDeLaPiel #PrebaseDeMaquillaje #ProteccionSolar #BellezaInteligente",,no,si
Mary Kay TimeWise Foundation Primer Sunscreen SPF 15,Pub3,imagen,catálogo oficial de la marca,postly,Vendedor,"Imagina una piel que irradia perfección y un maquillaje que desafía el paso de las horas. 🌟 Con nuestra prebase de maquillaje y protector solar SPF 15, ese sueño es ahora tu realidad. Prepara tu rostro con una suavidad incomparable, prolonga la duración de tu look y eleva tu confianza con una protección solar discreta pero poderosa. Mereces lucir impecable y sentirte fabulosa cada instante. 💖

#MaryKayGlam #MaquillajePerfecto #PielRadiante #LujoParaTuPiel #BellezaConProposito",,no,si
Mary Kay TimeWise Foundation Primer Sunscreen SPF 15,Pub3,imagen,catálogo oficial de la marca,postly,Divertido,"¡Amiga, te tengo el secreto mejor guardado para que tu make-up dure TODO el día! 💅✨ Nuestra prebase con SPF 15 es ese héroe silencioso que empareja tu piel, hace que la base se vea espectacular y, ¡bonus!, te protege del sol. Es como darle un spa a tu rostro antes del maquillaje. Cero retoques, pura confianza y una piel feliz. ¡Un must-have en tu kit! ☀️

#MaryKayFan #BeautyHacks #MaquillajeQueDura #PielProtegida #AmigasMK",A,si,si
Mary Kay Oil-Free Eye Makeup Remover,Pub4,imagen,catálogo oficial de la marca,postly,Informativo,"Descubre la eficacia de nuestra Loción Desmaquillante de Ojos Libre de Aceite Mary Kay. Su fórmula bifásica está diseñada para remover suavemente todo tipo de maquillaje, incluso el más resistente, sin dejar residuos grasos. Ideal para proteger la delicada piel del contorno de ojos y prepararla para tu rutina de cuidado. ✨ Refresca y limpia sin esfuerzo. #MaryKay #CuidadoDeLaPiel #DesmaquillanteDeOjos",B,si,si
Mary Kay Oil-Free Eye Makeup Remover,Pub4,imagen,catálogo oficial de la marca,postly,Vendedor,"Transforma tu rutina nocturna con la Loción Desmaquillante de Ojos Libre de Aceite Mary Kay. Experimenta la satisfacción de una mirada impecablemente limpia y fresca al instante. Este indispensable de belleza te asegura una remoción de maquillaje sin esfuerzo, dejando tus ojos listos para descansar y brillar al día siguiente. Siente la ligereza y el cuidado que tus ojos merecen. 💖💫 #BellezaMaryKay #MiradaRadiante #RutinaDeBelleza",,no,si
Mary Kay Oil-Free Eye Makeup Remover,Pub4,imagen,catálogo oficial de la marca,postly,Divertido,"¿El rímel a prueba de agua decidió quedarse a vivir en tus pestañas? ¡Relájate! 😉 Con la Loción Desmaquillante de Ojos Libre de Aceite Mary Kay, esos dramas son cosa del pasado. Es tu aliada perfecta para deshacerte del maquillaje en un abrir y cerrar de ojos, dejando tus ojos suaves y listos para maratonear tu serie favorita (o dormir). ¡Adiós maquillaje, hola piel limpia! 👋🐼 #DesmaquillateConMaryKay #MaryKayLover #BeautyHacks",,no,si
Mary Kay Oil-Free Eye Makeup Remover,Pub4,imagen,catálogo oficial de la marca,generico,,"¡Claro! Aquí tienes varias opciones de pies de foto para Instagram para el Desmaquillante de Ojos Libre de Aceite de Mary Kay, con diferentes enfoques para que elijas el que mejor se adapte a tu estilo:

---

**Opción 1: Enfocada en la eficacia y suavidad**

Dile adiós al maquillaje resistente sin esfuerzo. 👋 Con el Desmaquillante de Ojos Libre de Aceite de Mary Kay, eliminas todo rastro de máscara, delineador y sombras (¡incluso las waterproof!) sin irritar tus ojos ni dejar sensación grasosa. ✨

Tu mirada merece un desmaquillado suave y efectivo cada noche. ¡Un imprescindible en tu rutina! 💖

#MaryKay #DesmaquillanteDeOjos #LibreDeAceite #CuidadoDeLaPiel #OjosLimpios #RutinaDeNoche #BellezaMK

---

**Opción 2: Resaltando la sensación de limpieza y frescura**

¿Sueñas con una limpieza perfecta para tus ojos al final del día? 😌 La clave es nuestro Desmaquillante de Ojos Libre de Aceite Mary Kay. Su fórmula suave pero potente retira el maquillaje más resistente, dejando tus ojos frescos, limpios y sin residuos aceitosos. ¡Ideal para ojos sensibles y usuarias de lentes de contacto! 👁️💧

¡Dale a tus ojos el cuidado que se merecen!

#MaryKayBeauty #Desmaquillador #OilFree #PielFresca #OjosSensibles #Maquillaje #SkincareRoutine #MaryKayLatam

---

**Opción 3: Corta y directa con un CTA**

¡Tu solución para un desmaquillado de ojos impecable! 🤩 El Desmaquillante de Ojos Libre de Aceite de Mary Kay es tu aliado perfecto para retirar eficazmente todo el maquillaje sin irritar ni engrasar.

✅ Libre de aceite
✅ Apto para ojos sensibles
✅ Elimina maquillaje waterproof

¡Consigue el tuyo hoy y transforma tu rutina nocturna!

#MaryKayLove #DesmaquillanteMK #AdiosMaquillaje #LimpiezaFacial #ProductoEstrella #BellezaNatural #ComprarMaryKay

---

**Consejos adicionales para tu publicación de Instagram:**

*   **Etiqueta a Mary Kay:** Si hay una cuenta oficial de Mary Kay en tu región, etiquétala en la foto y en el pie de foto.
*   **Pregunta a la audiencia:** Puedes añadir una pregunta al final para fomentar la interacción, por ejemplo: ""¿Cuál es tu producto favorito de Mary Kay para el cuidado de los ojos?"" o ""¿Ya probaste este desmaquillante?""
*   **Utiliza emojis:** Los emojis ayudan a romper el texto y a hacerlo más atractivo visualmente.
*   **Usa un CTA claro:** Si vendes el producto, incluye un llamado a la acción como ""Envía un DM para ordenar"" o ""Visita mi enlace en la biografía"".",A,si,si
Mary Kay MK Men (Moisturizing Shave Cream / Daily Facial Wash / Ultimate Moisturizer),Pub1Carrusel,carrusel,catálogo oficial de la marca,postly,Informativo,"La línea MK Men de Mary Kay ofrece un enfoque integral para el cuidado de la piel masculina. 🧔🏻‍♂️ Comienza con el Daily Facial Wash, formulado para una limpieza profunda que elimina el exceso de grasa y las impurezas diarias, preparando la piel. Continúa con el Moisturizing Shave Cream, diseñado para suavizar la barba y proteger la piel, facilitando un afeitado confortable y preciso. Para finalizar, el Ultimate Moisturizer proporciona hidratación esencial, ayudando a mantener la barrera cutánea y dejando una sensación de frescura. Una rutina pensada para la vitalidad de la piel del hombre. ¿Cuál de estos pasos crees que marca la mayor diferencia en tu piel? #MaryKay #MKMen #CuidadoDeLaPielMasculina #RutinaMKMen #SkincareHombre #PielSaludable #Grooming",,no,si
Mary Kay MK Men (Moisturizing Shave Cream / Daily Facial Wash / Ultimate Moisturizer),Pub1Carrusel,carrusel,catálogo oficial de la marca,postly,Vendedor,"Descubrí el secreto para una piel que irradia confianza y vitalidad con la línea Mary Kay MK Men. ✨ Desde la limpieza profunda que vigoriza tu rostro, pasando por un afeitado increíblemente suave y sin preocupaciones, hasta la hidratación que revitaliza y protege. Cada producto está diseñado para que experimentes la máxima comodidad y un aspecto impecable, reflejando tu mejor versión. Sentí la diferencia de una piel cuidada, lista para cualquier desafío. #MaryKay #MKMen #PielConfiada #HombreExitoso #CuidadoSuperior #SensaciónDeFrescura #TransformaTuPiel",A,si,si
Mary Kay MK Men (Moisturizing Shave Cream / Daily Facial Wash / Ultimate Moisturizer),Pub1Carrusel,carrusel,catálogo oficial de la marca,postly,Divertido,"¡Che, hombres! 🧔🏻‍♂️ ¿Listos para darle un respiro a su piel? ¡La línea MK Men es la clave! 🔑 Primero, el Daily Facial Wash: adiós brillos y hola frescura instantánea. Después, el Moisturizing Shave Cream para un afeitado tan suave que vas a querer afeitarte dos veces al día (¡o no, pero vas a disfrutarlo!). Y para el toque final, el Ultimate Moisturizer: hidratación sin sentirte pegajoso, ¡listo para conquistar el día con una piel de 10! 😎 ¿Cuál es tu truco para mantener la piel al máximo? #MaryKay #MKMen #HombresQueSeCuidan #SkincareMasculino #RutinaFacil #PielFeliz #GroomingTime #SelfCareParaEllos #FreshVibes #CuidadoMasculino",,no,si
Mary Kay MK Men (Moisturizing Shave Cream / Daily Facial Wash / Ultimate Moisturizer),Pub1Carrusel,carrusel,catálogo oficial de la marca,generico,,"¡Claro! Aquí tienes varias opciones de pie de foto para tu carrusel de imágenes de los productos MK Men de Mary Kay, pensadas para Instagram:

---

**Opción 1: Enfocada en la rutina y los beneficios**

✨ **Título llamativo:** ¡Eleva tu rutina de cuidado personal!

**Cuerpo:**
Con la línea MK Men de Mary Kay, lograr una piel impecable nunca fue tan fácil. Hemos diseñado un sistema sencillo y potente para el hombre moderno:

*   💆‍♂️ **Limpia y refresca:** Limpiador Facial Diario que prepara tu piel para el día.
*   🪒 **Afeitado perfecto:** Crema Hidratante para Afeitar para un deslizamiento suave y sin irritaciones.
*   💧 **Hidratación definitiva:** Hidratante Definitivo que protege tu piel todo el día.

Desliza para ver más de cerca la calidad que tu piel merece. ¡Tu rostro te lo agradecerá!

**Hashtags:**
#MKMen #MaryKay #CuidadoMasculino #PielPerfecta #RutinaParaHombre #SkincareParaÉl #HombresMaryKay #GroomingMen

---

**Opción 2: Más directa y con llamado a la acción**

💪 **Título llamativo:** Piel impecable, actitud imparable.

**Cuerpo:**
Presentamos la colección MK Men de Mary Kay: los esenciales que todo hombre necesita para una piel saludable y cuidada. Productos diseñados específicamente para las necesidades de la piel masculina.

¿Listo para transformar tu apariencia? ¡Descubre la diferencia con MK Men!
🔗 Encuentra el link en nuestra biografía para comprar la tuya.

**Hashtags:**
#MaryKayMKMen #CuidadoDeLaPiel #ParaHombres #FreshLook #GroomingMen #BellezaMasculina #MKMenEssentials #CompraAhora

---

**Opción 3: Pregunta de interacción y enfoque en la simplicidad**

🛁 **Título llamativo:** La simplicidad que tu piel necesita.

**Cuerpo:**
¿Qué tan importante es tu rutina de cuidado facial? 🤔 Con los productos MK Men de Mary Kay, tener una piel limpia, suave e hidratada es tan fácil como 1-2-3.

Desliza para ver de cerca nuestros héroes diarios: Limpiador Facial, Crema para Afeitar e Hidratante Definitivo.

**¿Cuál de estos tres pasos es tu favorito para arrancar el día? ¡Cuéntanos en los comentarios! 👇**

**Hashtags:**
#MKMen #MaryKay #SkincareRoutine #MenStyle #HombresConEstilo #RutinaDeBelleza #PreguntaDelDía #CuidadoPersonal #MaryKayLatam (o tu región específica)

---

**Consejos adicionales para tu publicación:**

*   **Etiqueta la cuenta oficial de Mary Kay** (si corresponde a tu región).
*   Si eres un vendedor independiente, puedes **añadir tu propio link** en la biografía y mencionarlo en la descripción.
*   Aprovecha el carrusel para que la segunda imagen muestre los productos con las texturas, lo cual es muy atractivo.

Elige la opción que mejor se adapte al tono de tu cuenta de Instagram. ¡Espero que te sirva!",B,si,si
Mary Kay TimeWise (4-in-1 Cleanser / Antioxidant Moisturizer / Daytime Defender SPF 30 / Nighttime Recovery),Pub2Carrusel,carrusel,catálogo oficial de la marca,postly,Informativo,"Descubre la ciencia del cuidado de la piel con el Sistema TimeWise. ✨ Este régimen completo está diseñado para abordar las necesidades de tu piel, día y noche. El Limpiador 4 en 1 limpia, exfolia, refresca e ilumina, preparando tu piel para los siguientes pasos. Luego, el Hidratante Antioxidante proporciona humectación y combate los radicales libres. Para el día, el Daytime Defender con SPF 30 ofrece protección esencial contra los rayos UV. Por la noche, el Nighttime Recovery trabaja intensamente para revitalizar la piel mientras descansas. Una rutina consistente con estos productos avanzados ayuda a mantener una piel saludable y visiblemente mejorada. #MaryKay #TimeWise #CuidadoDeLaPiel #RutinaSkincare #BellezaConCiencia",,no,si
Mary Kay TimeWise (4-in-1 Cleanser / Antioxidant Moisturizer / Daytime Defender SPF 30 / Nighttime Recovery),Pub2Carrusel,carrusel,catálogo oficial de la marca,postly,Vendedor,"¿Lista para transformar tu piel y revelar una versión más radiante de ti misma? 🌟 Con el Sistema TimeWise, cada paso es una inversión en tu belleza. Experimenta la frescura de una limpieza profunda, la sensación de una hidratación duradera y la protección indispensable que tu piel necesita para enfrentar el día. Por la noche, sus potentes ingredientes actúan para restaurar y revitalizar, dejando tu piel con una apariencia más firme y luminosa. Siente la confianza de una piel que luce su mejor versión, día tras día. Es momento de darle a tu piel el futuro que anhela. #PielRadiante #Rejuvenecimiento #BellezaMaryKay #ConfianzaEnTuPiel #TransformaciónSkincare",,no,si
Mary Kay TimeWise (4-in-1 Cleanser / Antioxidant Moisturizer / Daytime Defender SPF 30 / Nighttime Recovery),Pub2Carrusel,carrusel,catálogo oficial de la marca,postly,Divertido,"¡Hey, amantes del skincare! 💖 ¿Quién más siente que su piel necesita un ""restart"" a veces? ¡El equipo TimeWise está aquí para salvar el día (y la noche)! Con el Limpiador 4 en 1, tu cara queda limpia y lista para la acción. Después, el Hidratante Antioxidante, que es como un abrazo para tu piel. Y no nos olvidemos del Daytime Defender con SPF 30 para el modo 'protección ON' y el Nighttime Recovery para ese reseteo mágico mientras duermes. ✨ ¡Tu rutina de belleza nunca fue tan sencilla y efectiva! ¿Cuál es tu paso favorito de esta rutina? #SkincareGoals #RutinaQueAmo #PielFeliz #BeautyHacks #MomentosMaryKay #TimeWisePower #SelfCare",B,si,si
Mary Kay TimeWise (4-in-1 Cleanser / Antioxidant Moisturizer / Daytime Defender SPF 30 / Nighttime Recovery),Pub2Carrusel,carrusel,catálogo oficial de la marca,generico,,"¡Claro! Aquí tienes varias opciones para el pie de foto de tu carrusel de Instagram, con diferentes enfoques para que elijas el que mejor se adappe a tu estrategia:

---

**Opción 1: Enfoque Integral y Beneficios**

✨ **¡Desliza para descubrir el poder de una piel visiblemente más joven!** ✨

Con la línea Timewise de Mary Kay, tienes todo lo que necesitas para transformar tu rutina de cuidado facial. Desde la limpieza que prepara tu piel, hasta la hidratación y protección diurna, sin olvidar la recuperación nocturna. Cada producto está diseñado para trabajar en armonía, revelando una piel más radiante, firme y con menos signos de la edad.

Tu piel merece el mejor cuidado, ¡y Timewise te lo ofrece!

#MaryKay #Timewise #CuidadoDeLaPiel #PielJoven #RutinaDeBelleza #Antiedad #SkincareRoutine #Belleza #MaryKayEspaña

---

**Opción 2: Enfoque en la Rutina Diaria**

💖 **Tu ritual de belleza esencial, día y noche.** 💖

Con los productos Timewise de Mary Kay, cuidar tu piel es más fácil y efectivo que nunca.
☀️ Por la mañana: limpia, protege e hidrata.
🌙 Por la noche: limpia, repara y nutre.

Un paso a paso sencillo para una piel que luce fresca, luminosa y saludable en todo momento. ¿Cuál es tu producto Timewise favorito de la rutina? ¡Queremos saberlo!

#MaryKayTimewise #RutinaDiaria #PielSaludable #GlowUp #CuidadoFacial #MaryKayProducts #BellezaReal #TipsDeBelleza

---

**Opción 3: Corta y Directa al Grano**

🌟 **¡La piel de tus sueños está a tu alcance con Timewise!** 🌟

Limpiador, hidratante, protección diurna y recuperación nocturna. Todo lo que necesitas para combatir los signos de la edad y lucir una piel radiante.

¿Lista para renovar tu piel? ✨

#Timewise #MaryKay #PielRadiante #Antiedad #Skincare #BellezaMaryKay #EssentialSkincare

---

**Opción 4: Pregunta y Engagement**

¿Qué ves cuando te miras al espejo? Con Timewise de Mary Kay, verás una piel renovada, más firme y con un aspecto increíble. ✨

Hemos reunido los esenciales para tu rutina diaria:
🌸 Limpiador 4 en 1
💧 Hidratante Antioxidante
☀️ Protector Diurno con SPF
🌙 Serum de Noche reparador

Cuéntanos en los comentarios, ¿cuál de estos productos es indispensable en tu rutina? 👇

#MaryKayTimewise #PreguntaMaryKay #CuidadoPersonal #BeautyRoutine #AntiAging #PielHermosa #MaryKayLatam

---

**Consejos Adicionales:**
*   Asegúrate de que los hashtags sean relevantes para tu región o país (ej. #MaryKayMéxico, #MaryKayColombia, etc.).
*   Si tienes un enlace directo a la compra o a más información, puedes añadir un ""Link en bio"" o ""Compra ahora"".
*   Puedes combinar elementos de varias opciones si te gusta una frase de una y el CTA de otra.",A,si,si
Mary Kay set Mattifying (Cleanser / Exfoliating Scrub / Balancing Toner / Mattifying Moisturizer) y Hydrating Moisturizer,Pub3 Carrusel,carrusel,catálogo oficial de la marca,postly,Informativo,"Descubre los fundamentos de una piel equilibrada y radiante. ✨ Este carrusel te introduce a los esenciales para un cuidado facial completo.
El Limpiador Matificante prepara tu piel eliminando impurezas y el exceso de brillo, mientras que el Exfoliante Facial renueva suavemente la superficie, revelando una tez más lisa. Para restablecer el pH, el Tónico Equilibrante minimiza la apariencia de los poros.
Finaliza tu rutina con nuestra Crema Hidratante Matificante, ideal para controlar el brillo y mantener la piel fresca. ¿Buscas hidratación profunda sin sensación pesada? Nuestra Crema Hidratante ofrece nutrición esencial para una piel flexible y saludable.
Cada paso está diseñado para complementar el siguiente, asegurando que tu piel reciba exactamente lo que necesita para su bienestar diario.
#MaryKay #CuidadoDeLaPiel #RutinaFacial #SkincareEducación #BellezaSaludable",A,si,si
Mary Kay set Mattifying (Cleanser / Exfoliating Scrub / Balancing Toner / Mattifying Moisturizer) y Hydrating Moisturizer,Pub3 Carrusel,carrusel,catálogo oficial de la marca,postly,Vendedor,"Imagina una piel que irradia confianza, una tez impecable que te acompaña en cada momento. ✨ Con Mary Kay, esa visión se convierte en tu realidad.
Inicia tu viaje hacia una piel perfecta con un Limpiador que purifica y un Exfoliante que renueva, preparando el lienzo para un Tónico que equilibra y refina.
Elige la experiencia que tu piel anhela: una Crema Hidratante Matificante para un acabado fresco y sin brillos, o nuestra Crema Hidratante para una suavidad y flexibilidad sublimes. Sea cual sea tu elección, estás invirtiendo en la belleza de tu futuro.
Despierta cada día con una piel revitalizada y lista para conquistar el mundo. ¡Mereces sentirte espectacular!
#MaryKay #PielPerfecta #ConfianzaEnTuPiel #BellezaQueInspira #SkincareGoals",,no,si
Mary Kay set Mattifying (Cleanser / Exfoliating Scrub / Balancing Toner / Mattifying Moisturizer) y Hydrating Moisturizer,Pub3 Carrusel,carrusel,catálogo oficial de la marca,postly,Divertido,"¿Tu piel te pide un reseteo? 😌 ¡Llegó el team que va a darle ese glow up que tanto merece!
Primero, el Limpiador Matificante para decir 'bye bye' a las impurezas. Luego, el Exfoliante que es pura magia para dejar tu piel suavecita (¡como un filtro!). El Tónico Balanceador es el MVP para ese toque final.
Y para hidratar, ¿eres team #SinBrillo con la Crema Hidratante Matificante o prefieres el efecto #SuperHidratada con nuestra Crema Hidratante? ¡Tenemos tu match perfecto! 😎
Prepárate para ese efecto 'recién salida del spa' todos los días. ¡Tu piel va a amarte!
#MaryKay #SkincareRoutine #PielFeliz #GlowUpChallenge #BeautyHacks #SelfCareSunday",,no,si
Mary Kay TimeWise Foundation Primer Sunscreen SPF 15,Pub3,imagen,catálogo oficial de la marca,generico,,"¡Claro! Aquí tienes algunas opciones para un pie de foto para Instagram, adaptadas al producto Mary Kay:

---

**Opción 1 (Enfocado en beneficios clave):**

¿Lista para un lienzo impecable y protegido? ✨ Nuestra Prebase de Maquillaje con Protector Solar FPS 15 de Mary Kay es el paso esencial que tu rutina necesita.

No solo alisa la piel para que tu maquillaje dure más y se vea perfecto, sino que también la protege de los rayos del sol. ¡Doble beneficio en un solo producto! 💖

#MaryKay #PrebaseDeMaquillaje #FoundationPrimer #SPF15 #MaquillajeImpecable #CuidadoDeLaPiel #PielProtegida #BeautyEssentials #MaryKayEspaña (o tu país)

---

**Opción 2 (Más directo y con CTA):**

¡Tu secreto para un look impecable comienza aquí! 👆 La Prebase de Maquillaje con Protector Solar FPS 15 de Mary Kay es la aliada perfecta.

✅ Prepara la piel para una aplicación de maquillaje suave y duradera.
✅ Ayuda a difuminar imperfecciones.
✅ Protege tu rostro del sol con FPS 15.

¡Un must-have para cada día! ¿Ya la tienes en tu neceser? 😉

#MaryKay #Prebase #MaquillajePerfecto #SPF15 #ProtecciónSolar #PielSuave #BellezaMaryKay #RutinaDeMaquillaje #MustHave

---

**Opción 3 (Corto y dulce):**

¡La base de un look espectacular! ✨ Con la Prebase de Maquillaje con Protector Solar FPS 15 de Mary Kay, tu piel estará lista y protegida. Suaviza, prolonga y cuida.

#MaryKay #PrebaseDeMaquillaje #SPF15 #Belleza #Maquillaje #CuidadoFacial

---

**Consejos adicionales:**
*   Asegúrate de cambiar `#MaryKayEspaña` por el hashtag del país relevante si no es España.
*   Puedes añadir un ""Link en la biografía para más información"" o ""Contacta a tu Consultora de Belleza Independiente Mary Kay"".
*   Si tienes un código de descuento o una promoción actual, menciónalo.",B,si,si
Mary Kay set Mattifying (Cleanser / Exfoliating Scrub / Balancing Toner / Mattifying Moisturizer) y Hydrating Moisturizer,Pub3 Carrusel,carrusel,catálogo oficial de la marca,generico,,"¡Claro! Aquí tienes varias opciones de pies de foto para tu carrusel de Instagram, con diferentes enfoques para que elijas el que mejor se adapte a tu estrategia:

---

**Opción 1: Enfoque Integral y Adaptable**

✨ ¡Transforma tu piel con la rutina ideal de Mary Kay! ✨

Desliza para descubrir los esenciales que tu piel necesita para lucir sana, equilibrada y radiante. Nuestro sistema completo limpia, exfolia, tonifica e hidrata, abordando las necesidades específicas de tu rostro.

➡️ En la primera imagen, el equipo que ayuda a controlar el brillo y refinar la textura: Limpiador Matificante, Exfoliante y Tónico Equilibrante, con el Hidratante Matificante.
➡️ En la segunda, nuestro poderoso Hidratante para una piel suave y flexible, ideal para quienes buscan extra humectación.

¿Cuál es el dúo perfecto para tu piel? ¡Comenta abajo! 👇
#MaryKay #CuidadoDeLaPiel #RutinaSkincare #PielSana #Hidratacion #Matificante #BellezaMK #SkincareRoutine #MaryKayMexico (o tu país)

---

**Opción 2: Enfoque en Beneficios y Solución de Problemas**

¿Piel con brillo no deseado o buscando una hidratación profunda? ¡Mary Kay tiene la solución perfecta para ti! 💖

Presentamos nuestros esenciales para una piel equilibrada y radiante:
🧴 **Limpiador Matificante y Tónico Equilibrante:** Para una piel fresca y sin excesos.
 scrub **Exfoliante:** Renueva tu piel revelando su luminosidad natural.
💧 **Hidratante Matificante:** Controla el brillo para un acabado perfecto.
🌸 **Hidratante:** Aporta la humectación esencial para una piel suave y flexible.

Desliza para verlos en detalle y elige el que tu piel necesita hoy. ✨
¡Pregúntale a tu Consultora de Belleza Independiente por estos esenciales!
#MaryKaySkincare #PielRadiante #EquilibrioFacial #RutinaDeBelleza #HidratacionProfunda #ControlDeBrillo #CuidaTuPiel #BeautyRoutine

---

**Opción 3: Corto, Directo y con Pregunta**

Tu piel merece lo mejor. 💫

Descubre la gama de cuidado facial de Mary Kay: Limpia, exfolia, tonifica e hidrata. ¡Elige entre nuestro hidratante matificante (primera imagen) o el de hidratación profunda (segunda imagen) según las necesidades de tu piel!

¡Desliza y encuentra tu favorito! 👇 ¿Cuál es el tuyo?
#MaryKay #SkincareEssentials #CuidadoFacial #MaryKayProducts #PielPerfecta #Belleza #Hidratante #Matificante

---

**Consejos Adicionales:**
*   **Etiqueta la cuenta oficial de Mary Kay** en la foto y en el pie de foto si es relevante (@MaryKayUS, @MaryKayMexico, etc.).
*   **Anima a tus seguidores a etiquetar a una amiga** que necesite estos productos.
*   Si vendes Mary Kay, **añade un CTA claro** sobre cómo pueden comprar o contactarte (ej: ""Link en bio para ordenar"", ""Envía un DM para asesoría personalizada"").

¡Espero que te sirvan!",B,si,si
Mary Kay Clear Proof Deep-Cleansing Charcoal Mask (dos tomas),Pub4 Carrusel,carrusel,catálogo oficial de la marca,postly,Informativo,"Descubre el poder purificante para tu piel con la Mascarilla Facial de Limpieza Profunda con Carbón Clear Proof® de Mary Kay. 🌿 Su fórmula avanzada utiliza carbón activado, conocido por su capacidad de actuar como un imán para absorber hasta el doble de su peso en impurezas. Este ingrediente clave ayuda a desobstruir los poros, reducir el brillo y eliminar el exceso de grasa, dejando tu piel visiblemente más limpia y fresca. Además, contiene una mezcla de extractos botánicos que contribuyen a una tez equilibrada y revitalizada. Integra este paso esencial en tu rutina de cuidado 2 o 3 veces por semana para potenciar la salud de tu piel. #MaryKay #CuidadoDeLaPiel #MascarillaDeCarbon #ClearProof #PielPurificada #RutinaDeBelleza",,no,si
Mary Kay Clear Proof Deep-Cleansing Charcoal Mask (dos tomas),Pub4 Carrusel,carrusel,catálogo oficial de la marca,postly,Vendedor,"¿Anhelas una piel que refleje pureza y vitalidad? ✨ La Mascarilla Facial de Limpieza Profunda con Carbón Clear Proof® de Mary Kay es tu aliada para transformar tu rostro. Siente cómo cada aplicación despierta tus sentidos y renueva tu piel, liberándola de las impurezas que opacan su luz natural. Prepárate para admirar una tez impecable, suave al tacto y radiante, que te hará sentir completamente confiada y hermosa. Es el secreto para un lienzo perfecto, listo para brillar. Consigue esa sensación de limpieza profunda que tu piel agradecerá. #MaryKay #PielRadiante #DetoxFacial #BellezaMaryKay #ResultadosVisibles #ConfianzaEnTuPiel",B,si,si
Mary Kay Clear Proof Deep-Cleansing Charcoal Mask (dos tomas),Pub4 Carrusel,carrusel,catálogo oficial de la marca,postly,Divertido,"¡Alerta de rescate para tu piel! 🚨 Si tu carita pide un respiro, esta mascarilla de carbón es la superheroína que no sabías que necesitabas. La Mascarilla Facial de Limpieza Profunda con Carbón Clear Proof® de Mary Kay es como un abrazo detox para tus poros, ¡adiós brillo extra y hola piel fresca! 🤩 Prepárate para el efecto 'wow' de una limpieza profunda que te dejará sintiéndote ligera y con un glow espectacular. ¡Es el momento perfecto para un spa casero y consentirte a lo grande! 💖 #MaryKay #MascarillaTime #SelfCareGoals #PielFresca #CarbónActivado #BeautyHacks #ClearProof",,no,si
Mary Kay Clear Proof Deep-Cleansing Charcoal Mask (dos tomas),Pub4 Carrusel,carrusel,catálogo oficial de la marca,generico,,"¡Claro! Aquí tienes varias opciones para un pie de foto de Instagram para tu carrusel de la mascarilla de carbón Clear Proof de Mary Kay, con diferentes enfoques para que elijas la que mejor se adapte a tu estilo:

---

**Opción 1: Enfocada en los beneficios y el poder del carbón**

✨ ¿Lista para una limpieza profunda que transforme tu piel? ✨

Presentamos nuestra **Mascarilla Facial de Limpieza Profunda con Carbón Clear Proof® de Mary Kay®**. ¡El secreto para una piel fresca y radiante!

El poder del carbón activado trabaja como un imán para extraer las impurezas, el exceso de grasa y las toxinas que obstruyen tus poros. Notarás una piel más limpia, suave y con una apariencia más clara desde la primera aplicación.

🌿 Dile adiós a los poros obstruidos y hola a una sensación de pureza inigualable.
🖤 Ideal para pieles grasas o con tendencia al acné, ¡o simplemente para una desintoxicación semanal!

¿Te animas a darle a tu piel el respiro que merece? ¡Consigue la tuya hoy!

#MaryKay #ClearProof #MascarillaDeCarbón #PielLimpia #CuidadoDeLaPiel #RutinaSkincare #PorosLimpios #Belleza #DesintoxicaTuPiel

---

**Opción 2: Más breve y enfocada en la experiencia**

¡Tu momento de spa en casa comienza aquí! 🧖‍♀️

Descubre la **Mascarilla Facial de Limpieza Profunda con Carbón Clear Proof® de Mary Kay®**. Con cada aplicación, sentirás cómo el carbón activado purifica tu piel, dejándola increíblemente fresca, suave y visiblemente más limpia.

🖤 Elimina impurezas.
💧 Refresca y desintoxica.
✅ Minimiza la apariencia de los poros.

¡Regálale a tu piel el cuidado que se merece! ✨

#MaryKay #ClearProof #MascarillaFacial #PielSaludable #Skincare #CarbonActivado #RutinaDeBelleza #MaryKayLover

---

**Opción 3: Pregunta interactiva y directa**

¿Buscas una solución para los poros obstruidos y la piel con brillos? 🤔 ¡Aquí la tienes!

Nuestra **Mascarilla Facial de Limpieza Profunda con Carbón Clear Proof® de Mary Kay®** es tu mejor aliada. Formulada con carbón activado, esta mascarilla es experta en sacar las impurezas, dejando tu piel increíblemente limpia y fresca.

🖤 ¡Siente la diferencia en tu piel!
✨ Para una complexión más clara y radiante.

¿Ya la probaste? Cuéntanos tu experiencia en los comentarios. 👇

#MaryKay #ClearProof #MascarillaDeCarbón #LimpiezaProfunda #PielGrasa #AcneSolutions #BellezaMK #CuidadoFacial

---

**Consejos adicionales:**
*   Asegúrate de etiquetar la cuenta oficial de Mary Kay si es posible (@MaryKay, @MaryKayUS, etc., según tu región).
*   Si eres una consultora, puedes agregar un CTA como ""Enlace en bio para ordenar"" o ""Contáctame para más información"".
*   Si el carrusel tiene más fotos (por ejemplo, alguien aplicándose la mascarilla), la Opción 2 podría ser ideal para un tono más experiencial.
*   Adapta los hashtags a tu país o audiencia específica.",A,si,si