Conjunto,Caso,Voz_marca,Coincidencias
E.12 antes,V11/opcion1,SI,Nuestra
E.12 antes,V11/opcion2,NO,
E.12 antes,V11/opcion3,NO,
E.12 despues,V11/opcion1,SI,nuestra
E.12 despues,V11/opcion2,NO,
E.12 despues,V11/opcion3,SI,nuestra
E.12 antes,V12/opcion1,SI,Nuestro
E.12 antes,V12/opcion2,NO,
E.12 antes,V12/opcion3,SI,Nuestro
E.12 despues,V12/opcion1,SI,Nuestro
E.12 despues,V12/opcion2,SI,nuestro
E.12 despues,V12/opcion3,SI,Nuestro
E.12 antes,V13/opcion1,NO,
E.12 antes,V13/opcion2,NO,
E.12 antes,V13/opcion3,NO,
E.12 despues,V13/opcion1,NO,
E.12 despues,V13/opcion2,NO,
E.12 despues,V13/opcion3,NO,
E.12 antes,V14/opcion1,NO,
E.12 antes,V14/opcion2,NO,
E.12 antes,V14/opcion3,NO,
E.12 despues,V14/opcion1,SI,Nuestro
E.12 despues,V14/opcion2,NO,
E.12 despues,V14/opcion3,SI,Nuestro
E.12 antes,V15/opcion1,NO,
E.12 antes,V15/opcion2,NO,
E.12 antes,V15/opcion3,NO,
E.12 despues,V15/opcion1,NO,
E.12 despues,V15/opcion2,NO,
E.12 despues,V15/opcion3,NO,
Estudio 4 Postly,C1/1,NO,
Estudio 4 manual,C1/1,NO,
Estudio 4 Postly,C1/2,NO,
Estudio 4 manual,C1/2,NO,
Estudio 4 Postly,C1/3,NO,
Estudio 4 manual,C1/3,NO,
Estudio 4 Postly,C1/4,SI,Nuestro
Estudio 4 manual,C1/4,NO,
Estudio 4 Postly,C2/1,NO,
Estudio 4 manual,C2/1,NO,
Estudio 4 Postly,C2/2,NO,
Estudio 4 manual,C2/2,NO,
Estudio 4 Postly,C2/3,NO,
Estudio 4 manual,C2/3,NO,
Estudio 4 Postly,C2/4,NO,
Estudio 4 manual,C2/4,NO,
Estudio 4 Postly,C3/1,NO,
Estudio 4 manual,C3/1,NO,
Estudio 4 Postly,C3/2,NO,
Estudio 4 manual,C3/2,NO,
Estudio 4 Postly,C3/3,NO,
Estudio 4 manual,C3/3,NO,
Estudio 4 Postly,C3/4,NO,
Estudio 4 manual,C3/4,NO,
Estudio 4 Postly,C4/1,NO,
Estudio 4 manual,C4/1,NO,
Estudio 4 Postly,C4/2,NO,
Estudio 4 manual,C4/2,NO,
Estudio 4 Postly,C4/3,NO,
Estudio 4 manual,C4/3,NO,
Estudio 4 Postly,C4/4,NO,
Estudio 4 manual,C4/4,NO,
Estudio 4 Postly,C5/1,NO,
Estudio 4 manual,C5/1,NO,
Estudio 4 Postly,C5/2,SI,Nuestra
Estudio 4 manual,C5/2,NO,
Estudio 4 Postly,C5/3,NO,
Estudio 4 manual,C5/3,NO,
Estudio 4 Postly,C5/4,NO,
Estudio 4 manual,C5/4,NO,
Estudio 4 Postly,C6/1,NO,
Estudio 4 manual,C6/1,NO,
Estudio 4 Postly,C6/2,NO,
Estudio 4 manual,C6/2,NO,
Estudio 4 Postly,C6/3,NO,
Estudio 4 manual,C6/3,NO,
Estudio 4 Postly,C6/4,NO,
Estudio 4 manual,C6/4,NO,
Estudio 4 Postly,C7/1,NO,
Estudio 4 manual,C7/1,NO,
Estudio 4 Postly,C7/2,NO,
Estudio 4 manual,C7/2,NO,
Estudio 4 Postly,C7/3,NO,
Estudio 4 manual,C7/3,NO,
Estudio 4 Postly,C7/4,NO,
Estudio 4 manual,C7/4,NO,
Estudio 4 Postly,C8/1,NO,
Estudio 4 manual,C8/1,NO,
Estudio 4 Postly,C8/2,NO,
Estudio 4 manual,C8/2,NO,
Estudio 4 Postly,C8/3,SI,Te presentamos
Estudio 4 manual,C8/3,NO,
Estudio 4 Postly,C8/4,NO,
Estudio 4 manual,C8/4,NO,
